Player,Market Value
Brenden Aaronson,€11.00m
Yunis Abdelhamid,€600k
Himad Abdelli,€4.00m
Salis Abdul Samed,€8.00m
Laurent Abergel,€2.50m
Oliver Abildgaard,€1.80m
Matthis Abline,€9.00m
Abner,€7.00m
Zakaria Aboukhlal,€10.00m
Tammy Abraham,€25.00m
Francesco Acerbi,€3.50m
Mohamed Achi,€200k
Marcos Acuña,€4.00m
Che Adams,€15.00m
Tyler Adams,€15.00m
Sargis Adamyan,€600k
Tosin Adarabioyo,€20.00m
Martin Adeline,€1.00m
Karim Adeyemi,€35.00m
Amine Adli,€30.00m
Yacine Adli,€12.00m
Michel Aebischer,€11.00m
Felix Afena-Gyan,€2.50m
Emmanuel Agbadou,€9.00m
Lucien Agoume,€6.00m
Felix Agu,€6.00m
Álvaro Aguado,€2.80m
Kevin Agudelo,€4.00m
Nayef Aguerd,€35.00m
Ruben Aguilar,€5.00m
Naouirou Ahamada,€8.00m
Amar Ahmed,-
Jean-Eudes Aholou,€800k
Joseph Aidoo,€3.00m
Ola Aina,€12.00m
Rayan Aït Nouri,Not Found
Emanuel Aiwum,Not Found
Kristoffer Ajer,€15.00m
Ludovic Ajorque,€3.00m
Manuel Akanji,€45.00m
Nathan Aké,€40.00m
Sergio Akieme,€7.00m
Maghnes Akliouche,€30.00m
Paul Akouokou,€1.00m
Jean-Daniel Akpa-Akpro,Not Found
Kevin Akpoguma,€3.00m
David Alaba,€15.00m
Tomás Alarcón,€800k
Lucas Alario,€1.50m
Jordi Alba,€2.50m
Luis Alberto,€3.00m
Raúl Albiol,€1.50m
Marc Albrighton,-
Thiago Alcántara,-
Carlos Alcaraz,€15.00m
Rubén Alcaraz,€1.20m
Omar Alderete,€5.00m
Iván Alejo,€1.50m
Doðan Alemdar,Not Found
Carles Aleñá,€3.00m
Trent Alexander-Arnold,€70.00m
Alejandro Alfaro,-
Ángel Algobia,€800k
Mohamed Ali Cho,€12.00m
Faride Alidou,€2.50m
Alisson,€28.00m
Jim Allevinah,€2.00m
Dele Alli,€3.50m
Domingos André Ribeiro Almeida,€15.00m
Miguel Almirón,€20.00m
Marcos Alonso,€2.00m
Mickaël Alphonse,-
Éder Álvarez Balanta,Not Found
Carlos Álvarez,€2.50m
Gastón Álvarez,€15.00m
Julián Álvarez,€75.00m
Agustín Álvarez Martínez,€4.50m
Yeray Álvarez,€8.00m
Ibrahim Amadou,€1.00m
Daniel Amartey,€4.00m
Amath,€1.50m
Jordan Amavi,€2.00m
Kelvin Amian,€2.50m
Bruno Amione,€3.00m
Nadiem Amiri,€9.00m
Ethan Ampadu,€16.00m
Sofyan Amrabat,€22.00m
Joachim Andersen,€35.00m
Elliot Anderson,€22.00m
Felipe Anderson,€7.00m
Benjamin André,€8.00m
Komnen Andri?,€1.00m
Robert Andrich,€17.00m
Angeliño,€8.00m
Fabrizio Angileri,€1.00m
Jaidon Anthony,€6.00m
Janis Antiste,€1.90m
Waldemar Anton,€24.00m
Marcos Antônio,-
Michail Antonio,€4.00m
Antony,€20.00m
Valentin Antov,€1.80m
Christopher Antwi-Adjei,€900k
Anuar,€900k
Houssem Aouar,€10.00m
Adil Aouchiche,€2.50m
Dennis Appiah,€1.00m
Mauro Arambarri,€5.00m
Charles Aránguiz,€1.20m
Ronald Araújo,€70.00m
Cameron Archer,€13.00m
Taïryk Arconte,€700k
Alphonse Areola,€10.00m
Joe Aribo,€5.00m
Adam Armstrong,€16.00m
Stuart Armstrong,€2.00m
Marko Arnautovi?,€4.00m
Maximilian Arnold,€7.00m
Kepa Arrizabalaga,€12.00m
Roberto Arroyo,€300k
Tolgay Arslan,€1.00m
Arthur,€8.00m
Santiago Arzamendia,€1.20m
Takuma Asano,€4.00m
Santiago Ascacíbar,€6.00m
Sergio Asenjo,-
Marco Asensio,€20.00m
Kristoffer Askildsen,€750k
Fisnik Asllani,€1.20m
Kristjan Asllani,€18.00m
Iago Aspas,€3.00m
Lorenz Assignon,€10.00m
Youcef Atal,€4.30m
Pierre-Emerick Aubameyang,€5.00m
Emil Audero,€5.00m
Tommaso Augello,€2.00m
Ludwig Augustinsson,€4.00m
Serge Aurier,€2.50m
Mathias Autret,€400k
Ezequiel Ávila,€3.00m
Cédric Avinel,-
Taiwo Awoniyi,€28.00m
Mehmet-Can Aydin,Not Found
André Ayew,€800k
Jordan Ayew,€4.00m
Kaan Ayhan,€4.80m
Luke Ayling,€800k
Ayman Azhil,€600k
Sardar Azmoun,€7.50m
César Azpilicueta,€2.00m
Sanoussy Ba,€400k
Iddrisu Baba,€1.80m
Sr?an Babi?,€6.00m
Loïc Bade,€20.00m
Édgar Badía,€1.00m
Benoît Badiashile,€30.00m
Alex Baena,€50.00m
Jaime Báez,€900k
Leon Bailey,€42.00m
Eric Bailly,€3.00m
Dénys Bain,€300k
Brandon Baiye,€700k
Stefan Bajcetic,€11.00m
Nedim Bajrami,€4.50m
Cédric Bakambu,€2.50m
Mitchel Bakker,€6.00m
Ridle Baku,€7.00m
Tommaso Baldanzi,€15.00m
Alejandro Balde,€40.00m
Thierno Balde,€2.00m
Carlos Baleba,€22.00m
Mikel Balenziaga,-
Leonardo Balerdi,€20.00m
Iván Balliu,€2.00m
Fodé Ballo-Touré,€3.00m
Folarin Balogun,€25.00m
Abdoulaye Bamba,€400k
Jonathan Bamba,€6.00m
Patrick Bamford,€4.00m
Lameck Banda,€6.00m
Filippo Bandinelli,€1.50m
Léo Baptistão,€1.20m
Shandon Baptiste,€2.50m
Antonín Barák,€3.90m
Andrea Barberis,€150k
Bradley Barcola,€65.00m
Melvin Bard,€12.00m
Keidi Bare,€3.00m
Nicolò Barella,€80.00m
Kike Barja,€2.00m
Ross Barkley,€8.00m
Aymen Barkok,€1.00m
Harvey Barnes,€35.00m
Leandro Barreiro Martins,€17.00m
Ander Barrenetxea,€20.00m
Mickaël Barreto,Not Found
Pablo Barrios,€30.00m
Musa Barrow,€8.00m
Federico Baschirotto,€6.00m
Toma Bai?,Not Found
Gil Bastião Dias,€1.50m
Alessandro Bastoni,€70.00m
Simone Bastoni,€1.00m
Rodrigo Battaglia,€1.20m
Maximilian Bauer,€3.00m
Oliver Baumann,€3.00m
Timo Baumgartl,€450k
Julian Baumgartlinger,-
Christoph Baumgartner,€18.00m
Cyrille Bayala,€700k
Brian Bayeye,€400k
Noah Joel Sarenren Bazee,€350k
Gavin Bazunu,€15.00m
Bebé,-
Ihlas Bebou,€4.00m
Rodrigo Becão,€8.00m
Mads Bech Sørensen,€2.50m
Julius Beck,€350k
Sheraldo Becker,€7.50m
Jan Bednarek,€11.00m
Donny van de Beek,€5.00m
Asmir Begovi?,€300k
Yanis Begraoui,€900k
Kevin Behrens,€2.00m
Alexis Beka Beka,€1.20m
Jérémie Bela,€600k
Youcef Belaïli,€1.80m
Haris Belkebla,€1.50m
Stefan Bell,€800k
Armel Bella Kotchap,€12.00m
Raoul Bellanova,€20.00m
Karim Bellarabi,-
Jean-Ricner Bellegarde,€18.00m
Héctor Bellerín,€4.00m
Jude Bellingham,€180.00m
Jeanöel Belocian,Not Found
Andrea Belotti,€5.00m
Fran Beltrán,€6.00m
Eliesse Ben Seghir,€18.00m
Salim Ben Seghir,€400k
Wissam Ben Yedder,€4.00m
Marco Benassi,€600k
Ismaël Bennacer,€18.00m
Saïd Benrahma,€15.00m
Ramy Bensebaini,€7.00m
Nabil Bentaleb,€10.00m
Rodrigo Bentancur,€35.00m
Karim Benzema,€10.00m
Domenico Berardi,€10.00m
Yuri Berchiche,€1.80m
Álex Berenguer,€12.00m
Bartosz Bereszy?ski,€1.30m
Patrick Berg,€4.50m
Mitchell van Bergen,€1.50m
Mergim Berisha,€10.00m
Quentin Bernard,€150k
Paul Bernardoni,€2.20m
Juan Bernat,€4.00m
Victor Bernth Kristiansen,Not Found
Jason Berthomier,€200k
Beto,-
Owen Bevan,€300k
Matteo Bianchetti,€500k
Alessandro Bianco,€2.50m
Giulian Biancone,€3.00m
Ermin Bi?ak?i?,€400k
Pedro Bigas,€600k
Jaka Bijol,€15.00m
El Bilal Touré,€20.00m
Philip Billing,€18.00m
Jean-Claude Billong,€250k
Cristiano Biraghi,€3.50m
Samuele Birindelli,€3.50m
Veljko Birman?evi?,€9.00m
Tom Bischof,€3.50m
Yves Bissouma,€35.00m
Kristijan Bistrovi?,€2.00m
Leonardo Bittencourt,€2.50m
Marco Bizot,€4.00m
Blanco,-
Lautaro Blanco,€4.00m
Rubén Blanco,€2.00m
Ludovic Blas,€15.00m
Janis Blaswich,€1.50m
Miha Bla?i?,€500k
Joaquín Blázquez,€300k
Alexis Blin,€2.20m
Daley Blind,€3.00m
Myron Boadu,€5.00m
Jérôme Boateng,€400k
Kevin-Prince Boateng,-
Antonin Bobichon,€500k
Jean-Paul Boëtius,€400k
Jeremie Boga,€15.00m
Emil Bohinen,€1.80m
Quentin Boisgard,€600k
Willy Boly,€2.50m
Giacomo Bonaventura,€3.00m
Federico Bonazzoli,€1.50m
Warren Bondo,€6.00m
Theo Bongonda,€5.00m
Kevin Bonifazi,€1.80m
Leonardo Bonucci,-
Neto Borges,€3.00m
Yvandro Borges Sanches,€750k
Sebastiaan Bornauw,€7.00m
Rafael Borré,€8.00m
Erik Botheim,€3.50m
Sven Botman,€45.00m
Kenji-Van Boto,€600k
Kouamé Botué,Not Found
Badredine Bouanani,€5.00m
Hicham Boudaoui,€10.00m
Franci Bouebari,€250k
Sofiane Boufal,€6.00m
Wassim Boullif,Not Found
Yassine Bounou,€9.00m
Ismaëlben Boura,Not Found
Mehdi Bourabia,€850k
Benjamin Bourigeaud,€18.00m
Edoardo Bove,€14.00m
Jarrod Bowen,€50.00m
Lucas Boyé,€5.00m
Jayden Braaf,€800k
Domagoj Bradari?,€4.00m
Bilal Brahimi,€3.00m
Martin Braithwaite,€3.20m
Juan Brandáriz,€1.80m
Julian Brandt,€40.00m
Darko Braanac,Not Found
Lilian Brassier,€12.00m
Claudio Bravo,-
Fabian Bredlow,€1.00m
James Bree,€2.20m
Josip Brekalo,€3.20m
Gleison Bremer,€60.00m
Armando Broja,€18.00m
Dylan Bronn,€1.30m
John Brooks,€1.50m
Moritz Broschinski,€3.00m
Marcelo Brozovi?,€16.00m
Cédric Brunner,€500k
Lewis Brunt,€400k
Jacob Bruun Larsen,€6.00m
Andreas Bruus,€800k
Bryan,€14.00m
Joe Bryan,€1.20m
Lee Buchanan,€2.00m
Ante Budimir,€5.00m
Emi Buendía,€20.00m
Hugo Bueno,€6.00m
Santiago Bueno,€8.00m
Adam Buksa,€6.00m
Marius Bülter,€2.50m
Cristian Buonaiuto,€650k
Facundo Buonanotte,€18.00m
Alessandro Buongiorno,€35.00m
Delano Burgzorg,€2.20m
Jonathan Burkardt,€15.00m
Oliver Burke,€1.00m
Dan Burn,€8.00m
Maxime Busi,€1.50m
Sergio Busquets,€2.00m
Aurélio Buta,€5.00m
Marcin Bu?ka,€20.00m
Jamie Bynoe-Gittens,€35.00m
Juan Cabal,€9.00m
Rémy Cabella,€3.50m
Jimmy Cabot,€2.50m
Leandro Cabrera,€1.20m
Liberato Cacace,€2.00m
Anthony Caci,€7.00m
Cafú,-
Moisés Caicedo,€75.00m
Tom Cairney,€2.00m
Jens Cajuste,€10.00m
Cala,€45.00m
Davide Calabria,€10.00m
Mattia Caldara,€800k
Luca Caldirola,€1.30m
Fernando Calero,€1.80m
Duje ?aleta-Car,€7.00m
Hakan Çalhanoðlu,Not Found
Kerim Calhanoglu,€400k
Daniel Caligiuri,-
Alexander Callens,€1.20m
Dominic Calvert-Lewin,€22.00m
Mahdi Camara,€10.00m
Mohamed Camara,€20.00m
Ousmane Camara,€4.00m
Eduardo Camavinga,€100.00m
Nicolò Cambiaghi,€7.00m
Andrea Cambiaso,€30.00m
Axel Camblan,€500k
Sergio Camello,€4.00m
Chem Campbell,€900k
Emre Can,€10.00m
Sergio Canales,€7.50m
Matteo Cancellieri,€4.80m
João Cancelo,€25.00m
Antonio Candreva,€600k
Thomas Cannon,€4.00m
Sergi Canós,€2.50m
Ander Capa,-
Pierrick Capelle,€250k
Étienne Capoue,€800k
Gianluca Caprari,€4.00m
Francesco Caputo,€700k
Maxence Caqueret,€18.00m
Andrea Carboni,€4.00m
Valentin Carboni,€15.00m
Isaac Carcelen,€1.20m
Irvin Cardona,€2.50m
Igor Carioca,-
Carlos,-
Diego Carlos,€12.00m
Juan Carlos,-
José Carlos Lazo,€1.50m
Carmona,€400k
Marco Carnesecchi,€16.00m
Yannick Carrasco,€14.00m
Dani Carvajal,Not Found
Fabio Carvalho,€18.00m
Matis Carvalho,-
William Carvalho,€3.00m
Nicolò Casale,€8.00m
Casemiro,€15.00m
Matty Cash,€28.00m
Timothy Castagne,€17.00m
Michele Castagnetti,€500k
Koen Casteels,€6.00m
Valentín Castellanos,€20.00m
Jean-Charles Castelletto,€3.50m
Samu Castillejo,€500k
Jonny Castro,€4.00m
Gaetano Castrovilli,€7.00m
Danilo Cataldi,€4.00m
Catena,€4.00m
Yoann Cathline,€2.00m
Maximiliano Caufriez,€2.50m
Edinson Cavani,€1.00m
Dani Ceballos,€4.00m
Federico Ceccherini,€1.00m
Assan Ceesay,€2.00m
Emil Ceide,€2.00m
Zeki Çelik,€6.00m
Fabien Centonze,€3.00m
Franco Cervi,€1.00m
Julio César Enciso,€22.00m
Leonardo César Jardim,€5.50m
Julian Chabot,€12.00m
Florian Chabrolle,-
El Chadaille Bitshiabu,€12.00m
Fares Chaïbi,€18.00m
Nathaniel Chalobah,€1.20m
Trevoh Chalobah,€13.00m
Calum Chambers,€2.80m
Timothy Chandler,€500k
Gaëtan Charbonnier,-
Brendan Chardonnet,€8.00m
Xavier Chavalerin,€800k
Pep Chavarría,€2.00m
Rayan Cherki,€20.00m
Ilyes Cheti,Not Found
Lucas Chevalier,€25.00m
Fabio Chiarodia,€2.00m
Federico Chiesa,€30.00m
Ben Chilwell,€22.00m
Vlad Chiriche?,€350k
Pedro Chirivella,€7.00m
Joris Chotard,€10.00m
Andreas Christensen,€30.00m
Oliver Christensen,€1.80m
Ryan Christie,€12.00m
Carney Chukwuemeka,€15.00m
Samuel Chukwueze,€20.00m
Darko Churlinov,€1.50m
Víctor Chust,€2.00m
Tolga Ciðerci,Not Found
Yanis Cimignani,€2.50m
Daniel Ciofani,-
Tio Cipot,€600k
Pathé Ciss,€2.50m
Souleymane Cissé,€200k
Patrick Ciurria,€4.00m
Bobby Clark,€8.00m
Alexis Claude-Maurice,€3.50m
Jonathan Clauss,€7.00m
Carlos Clerc,€800k
Nathaniel Clyne,€1.50m
Conor Coady,€3.00m
Marcus Coco,€1.50m
Alexandre Coeff,€300k
Jack Colback,€300k
Séamus Coleman,€500k
David ?olina,€1.00m
Álex Collado,€2.30m
Diego Collado,€800k
Omar Colley,€3.00m
Nathan Collins,€25.00m
Lorenzo Colombo,€6.00m
Andrea Colpani,€16.00m
Levi Colwill,€50.00m
Kingsley Coman,€40.00m
Eray Cömert,€4.00m
Santi Comesaña,€8.00m
Andrea Consigli,€500k
Abdu Conté,€800k
Andrea Conti,€200k
Lewis Cook,€12.00m
Steve Cook,€600k
Liam Cooper,€800k
Copete,€14.00m
Diego Coppola,€7.50m
Francis Coquelin,€1.00m
Sébastien Corchia,€600k
Maxwel Cornet,€9.00m
Jesús Corona,€3.00m
Ángel Correa,€18.00m
Joaquín Correa,€3.00m
Thierry Correia,€6.00m
Alessandro Cortinovis,€400k
Danny da Costa,€800k
David Pereira da Costa,€8.00m
Diego Costa,€1.50m
Jaume Costa,€300k
Logan Costa,€18.00m
Nuno da Costa,€750k
Samu Costa,€12.00m
Benoît Costil,€400k
Vladimír Coufal,€8.00m
Lassana Coulibaly,€2.80m
Tanguy Coulibaly,€2.00m
Thibaut Courtois,€25.00m
Mathieu Coutadeur,-
Philippe Coutinho,€7.50m
Yan Couto,€25.00m
Conor Coventry,€1.50m
Nicolas Cozza,€3.50m
Aaron Cresswell,€900k
Bryan Cristante,€20.00m
Domen ?rnigoj,€900k
Juan Cruz Armada,Not Found
Juan Cruz,€300k
Juan Cuadrado,€1.00m
Marc Cucurella,€30.00m
Jorge Cuenca,€6.00m
Braian Cufré,€1.20m
Mickaël Cuisance,€1.80m
Matheus Cunha,€45.00m
Curro,-
Marco D'Alessandro,€500k
Danilo D'Ambrosio,€1.00m
Luca D'Andrea,€1.00m
Damien Da Silva,€400k
Moanes Dabbur,€1.60m
Colin Dagba,€1.20m
Finn Dahmen,€3.50m
Mahmoud Dahoud,€6.00m
Patson Daka,€12.00m
Thijs Dallinga,€15.00m
Diogo Dalot,€40.00m
Muhammed Damar,€600k
Mikkel Damsgaard,€10.00m
Flavius Daniliuc,€5.00m
Danilo,€7.00m
Arnaut Danjuma,€13.00m
Kevin Danso,€25.00m
Dante,€500k
Márton Dárdai,€2.50m
Sergi Darder,€6.00m
Achraf Dari,€2.00m
Vladimír Darida,€800k
Matteo Darmian,€4.00m
Josh Dasilva,€10.00m
Jonathan David,€45.00m
Alphonso Davies,€50.00m
Ben Davies,€10.00m
Tom Davies,€5.00m
Pawe? Dawidowicz,€3.00m
Craig Dawson,€2.00m
Kevin De Bruyne,€45.00m
Charles De Ketelaere,€34.00m
Manuel De Luca,€1.50m
Rodrigo De Paul,€30.00m
Mattia De Sciglio,€1.00m
Lorenzo De Silvestri,€400k
Thibault De Smet,€3.00m
Koni De Winter,€12.00m
Grégoire Defrel,€750k
Duccio Degli Innocenti,€600k
Brecht Dejaegere,€1.00m
Romain Del Castillo,€10.00m
Alberto Del Moral,€800k
Thomas Delaine,€1.00m
Thomas Delaney,€2.50m
Sacha Delaye,€300k
Fran Delgado,€250k
Andy Delort,€4.00m
Karamoko Dembele,€900k
Moussa Dembélé,€12.00m
Ousmane Dembélé,€60.00m
Siriki Dembélé,€2.20m
Merih Demiral,€16.00m
Kerem Demirbay,€4.40m
Ermedin Demirovi?,€28.00m
Diego Demme,€800k
Sepp van den Berg,€18.00m
Branco van den Boomen,€6.00m
Leander Dendoncker,€7.00m
Emmanuel Dennis,€4.20m
Fabio Depaoli,€2.50m
Kastriot Dermaku,€250k
Halil Derviþoðlu,Not Found
Rémy Descamps,€1.50m
Mikkel Desler,€3.00m
Cyriel Dessers,€4.00m
Sergiño Dest,€22.00m
Mattia Destro,€400k
Gerard Deulofeu,€1.00m
Kiernan Dewsbury-Hall,€30.00m
Samuel Di Carmine,€300k
Federico Di Francesco,€1.40m
Michele Di Gregorio,€18.00m
Giovanni Di Lorenzo,€15.00m
Ángel Di María,€3.00m
Boulaye Dia,€15.00m
Moussa Diaby,€55.00m
Mouctar Diakhaby,€2.00m
Bafodé Diakité,€18.00m
Ibrahim Diakité,€800k
Abdou Diallo,€8.00m
Baila Diallo,€300k
Habib Diallo,€11.00m
Ibrahima Diallo,€6.00m
Ismael Diallo,€1.30m
Mamady Diarra,€300k
Mouhamadou Diarra,€20.00m
Moussa Diarra,€2.00m
Stéphane Diarra,€150k
Youba Diarra,€300k
Rúben Dias,€80.00m
Krépin Diatta,€12.00m
Mory Diaw,€1.50m
Brahim Díaz,€40.00m
Luis Díaz,€80.00m
Justin Diehl,€2.50m
Bamba Dieng,€4.00m
Eric Dier,€10.00m
Florian Dietz,€400k
Lucas Digne,€12.00m
Federico Dimarco,€50.00m
Stole Dimitrievski,€4.00m
Junior Dina Ebimbe,€9.00m
Tristan Dingomé,€100k
Eren Dinkçi,€12.00m
Sinaly Diomande,€4.00m
Lois Diony,€2.00m
Issa Diop,€20.00m
Sofiane Diop,€12.00m
Yehvann Diouf,€8.00m
Axel Disasi,€35.00m
Malcom Abdulai Ares Djalo,€2.00m
Tiago Djaló,€12.00m
Djené,€2.50m
Moussa Djenepo,€3.00m
Koffi Djidji,€2.00m
Alexander Djiku,€9.00m
Berat Djimsiti,€10.00m
Moussa Djitte,€1.30m
Marko Dmitrovi?,€900k
Alan Do Marcolino,€150k
Ben Doak,€10.00m
Ritsu Doan,€18.00m
Dodô,€17.00m
Danilho Doekhi,€17.00m
Matt Doherty,€3.00m
Josh Doig,€5.00m
Jeremy Doku,€65.00m
Kasper Dolberg,€10.00m
Carlos Dominguez,€3.00m
Nicolás Domínguez,€17.00m
John Donald,€1.00m
Giulio Donati,€300k
Kyliane Dong,€900k
Gianluigi Donnarumma,€40.00m
Niklas Dorsch,€4.00m
Gabriel Dos Santos,€75.00m
Jodel Dossou,€250k
Lohann Doucet,€800k
Abdoulaye Doucouré,€10.00m
Cheick Doucouré,€35.00m
Ckene Doucouré,€1.00m
Désiré Doué,€40.00m
Guela Doué,€7.00m
Ismaël Doukouré,€10.00m
Kamory Doumbia,€5.00m
Souleyman Doumbia,€2.00m
Flynn Downes,€13.00m
Bart?omiej Dr?gowski,€3.00m
Cody Drameh,€3.00m
Dion Drena Beljo,€4.00m
Dominick Drexler,€300k
Domingos Duarte,€1.00m
Marvin Ducksch,€9.00m
Ondrej Duda,€4.00m
Shane Duffy,€1.00m
Rémy Dugimont,-
Denzel Dumfries,€20.00m
Alfred Duncan,€4.00m
Lewis Dunk,€12.00m
Maxime Dupé,€1.50m
Jhon Durán,€35.00m
Pablo Durán,€300k
Hugo Duro,€16.00m
Jean-Kevin Duverne,€3.50m
Paulo Dybala,€12.00m
Edin D?eko,€2.50m
Malcolm Ebiowei,€1.20m
Festy Ebosele,€6.00m
Enzo Ebosse,€2.50m
Tyronne Ebuehi,€2.00m
Ederson,€35.00m
Éderson,€35.00m
Odsonne Édouard,€18.00m
Samuel Edozie,€8.00m
Maximilian Eggestein,€10.00m
Lilian Egloff,€800k
Íñigo Eguaras,€350k
Kingsley Ehizibue,€2.20m
Chidera Ejuke,€6.00m
Albin Ekdal,€300k
Hugo Ekitike,€30.00m
Emmanuel Ekong,€500k
Anthony Elanga,€25.00m
Alberth Elis,€1.20m
Mikael Ellertsson,€2.00m
Harvey Elliott,€35.00m
Elif Elmas,€15.00m
Mohamed Elneny,€3.20m
Aritz Elustondo,€5.00m
Nico Elvedi,€10.00m
Rodrigo Ely,€3.00m
Sepe Elye Wahi,€30.00m
Mohamed Elyounoussi,€6.00m
Adri Embarba,Not Found
Breel Embolo,€12.00m
Emerson,€12.00m
Youssef En-Nesyri,€22.00m
Wataru Endo,€13.00m
Arne Engels,€11.00m
Christian Eriksen,€8.00m
Martin Erlic,€5.00m
Gonzalo Escalante,€1.50m
Sergio Escudero,€400k
Alfonso Espino,€2.40m
Bernardo Espinosa,€300k
Salvatore Esposito,€4.00m
Maxime Estève,€9.00m
Pervis Estupiñán,€30.00m
Jonny Evans,€2.00m
Edu Expósito,€2.00m
Eberechi Eze,€60.00m
Nicolás Ezequiel Fernández,€2.50m
Abdessamad Ezzalzouli,€12.00m
?ukasz Fabia?ski,€700k
Fabinho,€25.00m
Fábio,€25.00m
Noah Fadiga,€2.20m
Wout Faes,€20.00m
Nicolò Fagioli,€20.00m
Ralf Fährmann,€200k
Romain Faivre,€10.00m
Radamel Falcao,€400k
Wladimiro Falcone,€5.00m
Fali,€1.50m
Mamadou Fall,€1.00m
Davide Faraoni,€1.50m
Ansu Fati,€15.00m
Khalil Fayad,€5.00m
Cheikh Faye,€125k
Federico Fazio,€300k
Jacopo Fazzini,€6.00m
Zouhair Feddal,-
Nabil Fekir,€9.00m
Felipe,€60.00m
Luiz Felipe,€13.00m
João Félix,€30.00m
Ohis Felix Uduokhai,€8.50m
Kiko Femenía,€1.40m
Evan Ferguson,€45.00m
Lewis Ferguson,€24.00m
Bruno Fernandes,€65.00m
Edimilson Fernandes,€3.50m
Aitor Fernández,€1.80m
Álex Fernández,€1.20m
Álvaro Fernández,€8.00m
Carlos Fernández,€1.50m
Enzo Fernández,€75.00m
Federico Fernández,€300k
Joaquín Fernández,€3.00m
Mateo Fernández,€1.20m
Fernando,-
Alex Ferrari,€500k
Salvador Ferrer,€500k
Jordan Ferri,€4.50m
Fidel,-
Karol Fila,€700k
Roberto Firmino,€8.00m
Junior Firpo,€5.00m
Kilian Fischer,€2.50m
Mark Flekken,€12.00m
Florian Flick,€1.50m
Alexis Flips,€2.50m
Alessandro Florenzi,€2.00m
Phil Foden,€150.00m
Datro Fofana,€10.00m
Seko Fofana,€16.00m
Wesley Fofana,€25.00m
Yahia Fofana,€3.50m
Youssouf Fofana,€30.00m
Thomas Foket,€6.00m
José Fonte,€100k
Pablo Fornals,€14.00m
Emil Forsberg,€5.00m
Adam Forshaw,€350k
Fraser Forster,€1.20m
Philipp Förster,€1.80m
Steven Fortes,€200k
Timothy Fosu-Mensah,€700k
Dimitri Foulquier,€2.50m
Juan Foyth,€12.00m
Raphael Framberger,€200k
Tyrese Francois,€600k
Bartol Franji?,€1.80m
Przemys?aw Frankowski,€9.00m
Ryan Fraser,€3.00m
Davide Frattesi,€35.00m
Fred,€16.00m
Ryan Fredericks,€700k
Iván Fresneda,€9.00m
Remo Freuler,€6.50m
Michael Frey,€1.00m
Marco Friedl,€7.50m
Marvin Friedrich,€3.50m
Jeremie Frimpong,€50.00m
Chris Führich,€22.00m
Angelo Fulgini,€7.00m
Niclas Füllkrug,€15.00m
Matteo Gabbia,€12.00m
Manolo Gabbiadini,€900k
Gianluca Gaetano,€6.00m
Roberto Gagliardini,€3.00m
Adolfo Gaich,€1.60m
Cody Gakpo,€55.00m
Javi Galán,€5.00m
Iñigo Ruiz de Galarreta,€5.00m
Pablo Galdames Millán,Not Found
Conor Gallagher,€50.00m
Antonino Gallo,€4.50m
Gauthier Gallon,€1.20m
Cristian Gamboa,€500k
Kévin Gameiro,€500k
Idrissa Gana Gueye,€2.00m
Ignatius Ganago,€2.00m
Silvère Ganvoula M'Boussy,€2.00m
Aleix García,€20.00m
Álvaro García,€3.00m
Borja García,€500k
Carlos García,-
Dani García,-
David García,€10.00m
Eric García,€20.00m
Francisco Garcia,€4.00m
Raúl García,-
Rubén García,€2.50m
Unai García,€1.20m
Alejandro Garnacho,€50.00m
James Garner,€22.00m
Felix Garreta,€300k
Sékou Gassama,€1.80m
Johan Gastien,€400k
Federico Gatti,€25.00m
Gavi,€90.00m
Paulo Gazzaniga,€4.00m
David de Gea,€5.00m
Dennis Geiger,€3.00m
Joe Gelhardt,€4.00m
Valentin Gendrey,€8.50m
Denis Genreau,€1.00m
Yannick Gerhardt,€4.00m
Valère Germain,€1.00m
Gerson,€14.00m
Ismaël Gharbi,€7.50m
Paolo Ghiglione,€1.00m
Saman Ghoddos,€1.80m
Faouzi Ghoulam,€250k
Morgan Gibbs-White,€40.00m
Niko Gießelmann,€500k
Samuel Gigot,€5.00m
Rafa? Gikiewicz,€300k
Óscar Gil,€800k
Mario Gila,€18.00m
Billy Gilmour,€18.00m
Álvaro Giménez,€500k
Gvidas Gineitis,€2.00m
Matthias Ginter,€10.00m
Andrei Girotto,€3.80m
Olivier Giroud,€3.00m
Serge Gnabry,€40.00m
Degnand Gnonto,Not Found
Ben Godfrey,€10.00m
Pierluigi Gollini,€4.00m
Aleksandr Golovin,€30.00m
André Gomes,€10.00m
Angel Gomes,€28.00m
João Gomes,€40.00m
Toti Gomes,€20.00m
Dani Gómez,€1.20m
Joe Gomez,€28.00m
Maxi Gómez,€1.70m
Moi Gómez,€3.50m
Papu Gómez,-
Sergi Gómez,€1.00m
Sergio Gómez,€10.00m
Maxime Gonalons,-
Diego González,€50k
Édgar González,€2.00m
Giovanni González,€3.00m
Joan Gonzàlez,€4.50m
Nicolás González,€35.00m
Oumar Gonzalez,€2.00m
Roberto González,€2.50m
Jacek Góralski,-
Anthony Gordon,€60.00m
Leon Goretzka,€22.00m
Andoni Gorosabel,€5.00m
Robin Gosens,€8.00m
Mario Götze,€5.50m
Amine Gouiri,€25.00m
Jeffrey Gouweleeuw,€2.00m
Jonathan Gradit,€4.50m
José Gragera,€2.50m
Alberto Grassi,€1.80m
Ryan Gravenberch,€40.00m
Andrew Gravillon,€3.50m
Demarai Gray,€8.00m
Adrian Grbi?,€1.20m
Ivo Grbi?,€3.00m
Jack Grealish,€55.00m
Sam Greenwood,€4.50m
Michael Gregoritsch,€8.00m
Leo Greiml,€750k
Clément Grenier,€300k
Antoine Griezmann,€25.00m
Vincenzo Grifo,€9.00m
Lennart Grill,€600k
Christian Groß,-
Pascal Groß,€8.00m
Brajan Gruda,€25.00m
Ilia Gruev,€5.00m
Carlos Gruezo,€2.00m
Vicente Guaita,€800k
Andrés Guardado,€1.00m
Sergi Guardiola,€800k
Nemanja Gudelj,€3.50m
Gabriel Gudmundsson,€5.00m
Gonçalo Guedes,€15.00m
Axel Gueguin,€700k
Marc Guéhi,€45.00m
Mattéo Guendouzi,€25.00m
Raphaël Guerreiro,€12.00m
Evann Guessand,€12.00m
Ander Guevara,€5.00m
Pape Gueye,€8.00m
Josuha Guilavogui,€500k
Frederic Guilbert,€3.00m
Hugo Guillamón,€8.00m
Bruno Guimarães,€85.00m
Sehrou Guirassy,€40.00m
Rafik Guitane,€5.00m
Péter Gulácsi,€3.00m
Manuel Gulde,€1.50m
Gerard Gumbau,€3.00m
Robert Gumny,€2.00m
Ýlkay Gündoðan,Not Found
Christian Günter,€5.00m
Koray Günter,€850k
Gorka Guruzeta,€18.00m
Malo Gusto,€35.00m
Raúl Guti,€1.50m
Miguel Gutiérrez,€25.00m
Joko Gvardiol,Not Found
Darko Gyabi,€1.80m
Emmanuel Gyasi,€1.80m
Norbert Gyömbér,€1.30m
Christian Gytkjær,Not Found
Erling Haaland,€200.00m
Nicolas Haas,€700k
Janik Haberer,€3.00m
Alexander Hack,€1.50m
Munir El Haddadi,€2.50m
Jaouen Hadjam,€2.50m
André Hahn,-
Amadou Haidara,€20.00m
Massadio Haïdara,€2.00m
Achraf Hakimi,€60.00m
Lewis Hall,€22.00m
Sébastien Haller,€7.50m
Marcel Halstenberg,€2.00m
Mathis Hamdi,€150k
Romain Hamouma,-
Andreas Hanche-Olsen,€9.00m
Samir Handanovi?,-
Genki Haraguchi,€500k
Amine Harit,€15.00m
Luke Harris,€1.00m
Jack Harrison,€18.00m
Abdou Harroui,€2.70m
Makoto Hasebe,-
Hans Hateboer,€3.50m
Kai Havertz,€75.00m
Eden Hazard,-
Thorgan Hazard,€5.00m
Rhys Healey,€1.20m
Jan Paul van Hecke,€22.00m
Jonas Hector,-
Hwang Hee-chan,Not Found
Gauthier Hein,€2.50m
Dominique Heintz,€800k
Dean Henderson,€12.00m
Jordan Henderson,€4.00m
Liam Henderson,€1.40m
Jack Hendry,€3.00m
Wayne Hennessey,€175k
Benjamin Henrichs,€20.00m
Henrique,€15.00m
Luiz Henrique,€16.00m
Matheus Henrique,€8.50m
Rico Henry,€40.00m
Thomas Henry,€2.00m
Christophe Hérelle,€1.10m
Mario Hermoso,€18.00m
Aridane Hernández,€500k
Lucas Hernández,€40.00m
Luis Hernández,€300k
Mario Hernández,€500k
Theo Hernández,€60.00m
Ander Herrera,€2.00m
Sergio Herrera,€6.00m
Yangel Herrera,€25.00m
Patrick Herrmann,-
Son Heung-min,Not Found
Aaron Hickey,€25.00m
Isak Hien,€20.00m
Omar El Hilali,€3.00m
Piero Hincapié,€40.00m
Morten Hjulmand,€40.00m
Adam Hlo?ek,€18.00m
Joseph Hodge,€1.50m
Nicolas Höfler,€1.00m
Jonas Hofmann,€7.00m
Philipp Hofmann,€1.80m
Rob Holding,€5.00m
Lucas Höler,€4.00m
Mason Holgate,€5.00m
Emil Holm,€8.50m
Noah Holm,€900k
Gerrit Holtmann,€700k
Martin Hongla,€2.50m
Franck Honorat,€12.00m
Jannes Horn,€1.50m
Cédric Hountondji,€1.80m
Ilyes Housni,€3.00m
Luká Hrádeck?,Not Found
Petko Hristov,€750k
Ajdin Hrustic,€400k
Timo Hübers,€4.00m
Callum Hudson-Odoi,€22.00m
Will Hughes,€9.00m
Mats Hummels,€5.00m
Adrien Hunou,€700k
Denis Huseinbasic,€4.00m
Omari Hutchinson,€18.00m
Elseid Hysaj,€2.50m
Pierre Højbjerg,Not Found
Rasmus Højlund,€65.00m
Iago,-
Pablo Ibáñez,-
Roger Ibanez,€20.00m
Arijon Ibrahimovi?,€4.00m
Mounaim El Idrissy,€700k
Iglesias,€3.00m
Borja Iglesias,€5.00m
Igor,€22.00m
Kelechi Iheanacho,€9.00m
Jonathan Ikone,€10.00m
Ivan Ili?,€18.00m
Rareþ Ilie,Not Found
Samuel Iling-Junior,€13.00m
Emirhan Ýlkhan,Not Found
Asier Illarramendi,€1.20m
Ciro Immobile,€3.80m
Danny Ings,€8.00m
Marcus Ingvartsen,€6.50m
Bonke Innocent,€750k
Alexander Isak,€75.00m
Isco,€8.00m
Ismaily,€1.80m
Ardian Ismajli,€5.00m
Ko Itakura,€15.00m
Hiroki Ito,€30.00m
Junya Ito,€8.00m
Andreas Ivan,-
Alex Iwobi,€25.00m
Armando Izzo,€2.50m
Nicolas Jackson,€40.00m
Lee Jae-sung,Not Found
Paul Jaeckel,€1.50m
Mato Jajalo,€200k
Kristijan Jaki?,€6.50m
Jan Jakob Olschowsky,€600k
Ismail Jakobs,€8.00m
Marin Jakoli,Not Found
Daniel James,€14.00m
Reece James,€35.00m
Vitaly Janelt,€22.00m
Saidy Janko,€600k
Pontus Jansson,€1.20m
Tony Jantschke,-
Adnan Januzaj,€2.00m
Javi,€1.20m
Luis Javier Suárez,€3.50m
Dany Jean,€350k
Julian Jeanvier,€750k
Fredrik Jensen,€3.50m
Mathias Jensen,€28.00m
Moritz Jenz,€7.50m
Gabriel Jesus,€55.00m
Juan Jesus,€2.50m
Raúl Jiménez,€5.00m
Joaquín,€3.00m
Joelinton,€40.00m
?órir Jóhann Helgason,€1.00m
Ben Johnson,€8.00m
Brennan Johnson,€48.00m
Paul Joly,€2.50m
Curtis Jones,€35.00m
Frenkie de Jong,€60.00m
Joan Jordán,€3.50m
Filip Jörgensen,€20.00m
Jorginho,€12.00m
Josan,-
Willian José,€4.00m
Joselu,€5.00m
Diogo Jota,€50.00m
Stevan Joveti?,€700k
Luka Jovi?,€5.00m
Juanmi,€6.00m
Juanpe,€1.00m
Jubal,€2.00m
Christopher Jullien,€2.50m
Anthony Jung,€1.00m
Lago Junior,€500k
Hamed Junior Traorè,€15.00m
Vinicius Júnior,€200.00m
Josip Juranovi?,€7.50m
James Justin,€15.00m
Mathias Jørgensen,€1.00m
Ozan Kabak,€10.00m
Issa Kaboré,€10.00m
Abdoul Kader Bamba,€750k
Pavel Kade?ábek,€3.00m
Tino Kadewere,€3.00m
Kaiky,€1.50m
Florian Kainz,€2.50m
Gaël Kakuta,€1.20m
Sasa Kalajdzic,€5.00m
Arnaud Kalimuendo,€20.00m
Yayah Kallon,€750k
Felix Kalu Nmecha,Not Found
Gedeon Kalulu,€3.00m
Pierre Kalulu,€20.00m
Daichi Kamada,€18.00m
Waren Kamanzi,Not Found
Bingourou Kamara,€800k
Boubacar Kamara,€38.00m
Jakub Kami?ski,€6.00m
Marcin Kami?ski,€500k
Kevin Kampl,€3.50m
Nordine Kandil,€1.00m
Harry Kane,€100.00m
Wilfried Kanga,€4.00m
Lee Kangin,Not Found
N'Golo Kanté,€9.00m
Kenan Karaman,€2.50m
Yann Karamoh,€2.50m
Atakan Karazor,€12.00m
Jon Karrikaburu,€2.50m
Rick Karsdorp,€5.00m
Denso Kasius,€2.00m
Thomas Kastanaras,€500k
Grigoris Kastanos,€1.80m
Silas Katompa,€10.00m
Moise Kean,€18.00m
Michael Keane,€6.00m
Neeskens Kebano,€700k
Kévin Keben Biakolo,€700k
Thilo Kehrer,€10.00m
Check Keita,€2.00m
Naby Keïta,€1.00m
Yannik Keitel,€5.00m
Lloyd Kelly,€18.00m
Marc-Oliver Kempf,Not Found
Kenedy,€1.00m
Jonjoe Kenny,€2.50m
Franck Kessié,€18.00m
Saîf-Eddine Khaoui,€1.20m
Wahbi Khazri,€1.80m
Rani Khedira,€5.00m
Anthony Khelifa,€100k
Kike,€8.00m
Luca Kilian,€2.00m
Max Kilman,€38.00m
Joshua Kimmich,€50.00m
Presnel Kimpembe,€9.00m
Jakub Kiwior,€30.00m
Simon Kjær,Not Found
Mateusz Klich,€1.20m
Lukas Klostermann,€8.00m
Justin Kluivert,€14.00m
Ansgar Knauff,€10.00m
Robin Knoche,€1.80m
Gregor Kobel,€40.00m
Robin Koch,€18.00m
Dominik Kohr,€3.00m
Koke,€12.00m
Sead Kolainac,Not Found
Luca Koleosho,€12.00m
Randal Kolo Muani,€40.00m
Timothée Kolodziejczak,€250k
Ibrahima Konaté,€45.00m
Geoffrey Kondogbia,€9.00m
Ibrahima Koné,€2.50m
Kouadio Koné,€20.00m
Youssouf Koné,€800k
Ezri Konsa,€35.00m
Teun Koopmeiners,€55.00m
Odilon Kossonou,Not Found
Filip Kosti?,€6.50m
Christian Kouamé,€7.50m
Rominigue Kouamé,€2.00m
Tomá Koubek,Not Found
Kalidou Koulibaly,€9.00m
Jules Koundé,€55.00m
Boubakar Kouyaté,€5.00m
Cheikhou Kouyaté,€700k
Mateo Kova?i?,€30.00m
Viktor Kovalenko,€1.20m
Soichiro Kozuki,€500k
Emil Krafth,€2.50m
Alex Král,€6.00m
Andrej Kramari?,€5.00m
Christoph Kramer,€1.20m
Tom Krauß,€4.00m
Julian Kristoffersen,€75k
Raimonds Krollis,€1.20m
Toni Kroos,-
Rade Kruni?,€6.00m
Max Kruse,-
Lukas Kübler,€2.00m
Takefusa Kubo,€50.00m
Dejan Kulusevski,€55.00m
Sael Kumbedi,€5.00m
Marash Kumbulla,€4.50m
Pierre Kunde,€1.50m
Alou Kuol,€300k
Layvin Kurzawa,€1.50m
Khvicha Kvaratskhelia,€80.00m
Grejohn Kyei,€1.50m
Daniel Kyereh,Not Found
Giorgos Kyriakopoulos,€3.50m
César de la Hoz,€500k
Luca de la Torre,€3.00m
Rémy Labeau Lascary,€1.50m
Gaëtan Laborde,€8.00m
Alexandre Lacazette,€9.00m
Qazim Laçi,€3.50m
Maxence Lacroix,€20.00m
Alban Lafont,€9.00m
Aïssa Laïdouni,€6.00m
Konrad Laimer,€30.00m
Stefan Lainer,€2.50m
Kenny Lala,€3.00m
Adam Lallana,€1.00m
Vassilis Lambropoulos,Not Found
Érik Lamela,€1.80m
Mohamed Lamine Bayo,€5.00m
Sam Lammers,€5.00m
Tariq Lamptey,€12.00m
Manuel Lanzini,€2.00m
Aymeric Laporte,€20.00m
Julien Laporte,€1.50m
Cyle Larin,€4.00m
Juan Larios,€4.50m
Yasser Larouci,€3.00m
Jordan Larsson,€2.50m
Kevin Lasagna,€950k
Jamaal Lascelles,€7.00m
Latasa,€2.80m
Toni Lato,€3.50m
Danny Latza,€200k
Armand Lauriente,€10.00m
Roméo Lavia,€35.00m
Lázaro,€1.00m
Valentino Lazaro,€3.50m
Marko Lazeti?,€1.50m
Darko Lazovi?,€1.50m
Manuel Lazzari,€4.00m
Théo Le Bris,€2.00m
Julien Le Cardinal,€1.50m
Jérémy Le Douaron,€4.00m
Enzo Le Fée,€20.00m
Vincent Le Goff,-
Maxime Le Marchand,-
Robin Le Normand,€40.00m
Rafael Leão,€75.00m
Paolo Lebas,-
Benjamin Lecomte,€3.50m
Jeremías Ledesma,€5.00m
Pierre Lees-Melou,€10.00m
Diogo Leite,€15.00m
Maxim Leitsch,€2.00m
Florian Lejeune,€3.00m
Iñigo Lekue,€3.00m
Thomas Lemar,€7.50m
Félix Lemaréchal,€5.00m
Dexter Lembikisa,€3.00m
Mario Lemina,€10.00m
Tim Lemperle,€3.00m
Clément Lenglet,€5.00m
Bernd Leno,€13.00m
Christopher Lenz,€1.50m
Sergio León,-
Johann Lepenant,€7.00m
Mehdi Léris,€2.50m
Jefferson Lerma,€18.00m
Benjamin Leroy,€250k
Léo Leroy,€1.50m
Ruan Levine,-
Robert Lewandowski,€15.00m
Jamie Leweling,€13.00m
Jamal Lewis,€3.50m
Rico Lewis,€40.00m
Keane Lewis-Potter,€18.00m
Dimitri Liénard,€150k
Philipp Lienhart,€15.00m
Matthijs de Ligt,€55.00m
Victor Lindelöf,€15.00m
Jesper Lindstrøm,€22.00m
Karol Linetty,€3.50m
Jesse Lingard,€5.00m
Pol Lirola,€2.50m
Mateusz Lis,€1.70m
Marcin Listkowski,€200k
Dejan Ljubicic,€5.00m
Javier Llabrés,€700k
Diego Llorente,€7.00m
Marcos Llorente,€30.00m
Hugo Lloris,€1.20m
Giovani Lo Celso,€20.00m
Stanislav Lobotka,€28.00m
Manuel Locatelli,€28.00m
Luka Lochoshvili,€750k
Banzouzi Locko,Not Found
Renan Lodi,€18.00m
Ruben Loftus-Cheek,€25.00m
Sean Longstaff,€25.00m
Ademola Lookman,€40.00m
Anthony Lopes,€2.00m
Rony Lopes,€2.20m
David López,€2.50m
Diego López,-
Maxime Lopez,€6.00m
Pau López,€7.50m
Unai López,€3.00m
Dion Lopy,€6.00m
Anthony Losilla,€500k
Jordan Lotomba,€8.00m
Matteo Lovato,€4.00m
Dejan Lovren,€1.00m
Sandi Lovri?,€8.00m
Jamal Lowe,€1.50m
Anthony Lozano,€1.20m
Hirving Lozano,€15.00m
Pol Lozano,€2.00m
Jean Lucas,€7.00m
Jhon Lucumí,€17.00m
José Luis Gayà,€20.00m
José Luis Morales,€1.00m
José Luis Palomino,€700k
Douglas Luiz,€55.00m
Romelu Lukaku,€30.00m
Castello Lukeba,€40.00m
Dodi Lukebakio,€12.00m
Saa Luki?,Not Found
Andriy Lunin,€25.00m
Andrey Lunyov,€1.50m
Sebastiano Luperto,€3.50m
Lyanco,€3.00m
Charalambos Lykogiannis,Not Found
Youssouf M'Changama,€300k
Awer Mabil,€1.00m
Alexis Mac Allister,€75.00m
Deiver Machado,€4.00m
Darwin Machís,€1.50m
James Maddison,€70.00m
Noni Madueke,€35.00m
Pablo Maffeo,€5.00m
Lisandro Magallán,€1.80m
Soungoutou Magassa,€8.00m
Giulio Maggiore,€2.80m
Giangiacomo Magnani,€3.00m
Hugo Magnetti,€7.00m
Yohann Magnin,€1.50m
Harry Maguire,€18.00m
Jon Magunacelaya,Not Found
Riyad Mahrez,€12.00m
Arne Maier,€5.00m
Mike Maignan,€38.00m
Linton Maina,€3.00m
Ainsley Maitland-Niles,€9.00m
Lovro Majer,€20.00m
Jean-Victor Makengo,€5.00m
Béni Makouana,€1.20m
Nemanja Maksimovi?,€5.50m
Tyrell Malacia,€18.00m
Lorenzo Malagrida,€250k
Daniel Maldini,€6.00m
Youssef Maleh,€4.50m
Donyell Malen,€40.00m
Ruslan Malinovskyi,€5.00m
Hugo Mallo,€1.20m
Mickael Malsa,€600k
Giorgi Mamardashvili,€45.00m
Hianga Mananga Mbock,Not Found
Gianluca Mancini,€25.00m
Steve Mandanda,€800k
Reinildo Mandava,€9.00m
Aïssa Mandi,€1.80m
Rolando Mandragora,€8.50m
Sadio Mané,€15.00m
Orel Mangala,€20.00m
Thomas Mangani,€250k
Vito Mannone,€200k
Javier Manquillo,€1.80m
Myziane Maolida,€900k
Faitout Maouassa,€2.00m
Sekou Mara,€6.00m
Maranhão,€900k
Marcão,€4.00m
Solly March,€15.00m
Agustín Marchesín,€800k
Vincent Marchetti,€1.50m
Riccardo Marchizza,€1.80m
Gian Marco Ferrari,€1.00m
Emiliano Marcondes,€1.50m
Óscar de Marcos,€1.50m
José Mari,€22.00m
Pablo Marí,€3.50m
José María Giménez,€22.00m
Mariano,€5.00m
Pablo Marín,€1.50m
R?zvan Marin,€3.50m
Guillermo Maripán,€6.00m
Marlon,€4.00m
Omar Marmoush,€40.00m
Marquinhos,€50.00m
Luca Marrone,€100k
Eric Martel,€6.00m
Roger Martí,€1.20m
Anthony Martial,€9.00m
Aarón Martín,€5.00m
Ander Martin,€2.00m
Andrés Martín,-
Iván Martín,€15.00m
Jonas Martin,€1.00m
Martinelli,€60.00m
Arnau Martinez,€10.00m
Emiliano Martínez,€28.00m
Iñigo Martínez,€5.00m
Lautaro Martínez,€110.00m
Lisandro Martínez,€50.00m
Lucas Martínez Quarta,€13.00m
Roger Martínez,€1.80m
Gelson Martins,€2.50m
Adam Marui?,Not Found
Omar Mascarell,€1.00m
Adam Masina,€1.50m
Jordi Masip,€500k
Erhan Maovi?,Not Found
Han-Noah Massengo,€3.00m
Yanis Massolin,€250k
Jaime Mata,€900k
Pape Matar Sarr,€45.00m
Eliot Matazo,€5.00m
Jean-Philippe Mateta,€20.00m
Nemanja Mati?,€3.00m
Joël Matip,-
Henning Matriciani,€500k
Chrislain Matsima,€7.00m
Azor Matusiwa,€12.00m
Neal Maupay,€12.00m
Aïman Maurer,€500k
Stephy Mavididi,€11.00m
Konstantinos Mavropanos,€20.00m
Christian Mawissa,€12.00m
Philipp Max,€1.80m
Eric Maxim Choupo-Moting,Not Found
Luís Maximiano,€4.00m
Fernand Mayembo,€500k
Borja Mayoral,€15.00m
Noussair Mazraoui,€30.00m
Pasquale Mazzocchi,€3.00m
Kevin Mbabu,€4.00m
Kylian Mbappé,€180.00m
Mamadou Mbaye,€400k
Chancel Mbemba,€8.00m
Bryan Mbeumo,€40.00m
Jason Mbock,€150k
Nathanael Mbuku,€2.00m
John McGinn,€30.00m
Scott McKenna,€9.00m
Weston McKennie,€24.00m
Dwight McNeil,€22.00m
Scott McTominay,€32.00m
Gary Medel,€400k
Facundo Medina,€25.00m
Ben Mee,€1.00m
Bamo Meïté,€7.00m
Soualiho Meïté,€3.50m
Farid El Melali,€1.50m
Gonzalo Melero,€1.40m
Birger Meling,€3.50m
Memphis,€10.00m
Houboulang Mendes,€700k
Nuno Mendes,€55.00m
Thiago Mendes,€4.00m
Brais Méndez,€40.00m
Diego Méndez,-
Antoine Mendy,€2.00m
Arial Mendy,€400k
Batista Mendy,€10.00m
Edouard Mendy,€8.00m
Ferland Mendy,€22.00m
Nampalys Mendy,€2.50m
Gideon Mensah,€2.50m
Chris Mepham,€6.00m
Alex Meret,€12.00m
Mikel Merino,€50.00m
Quentin Merlin,€10.00m
Yýldýrým Mert Çetin,Not Found
Roque Mesa,€600k
Illan Meslier,€18.00m
Lionel Messi,€25.00m
Junior Messias,€2.50m
Thomas Meunier,€2.50m
Alexander Meyer,€800k
Sven Michel,€700k
Alexander Mighten,€500k
Tommaso Milanese,€900k
Nikola Milenkovi?,€18.00m
Arkadiusz Milik,€4.00m
Sergej Milinkovi?-Savi?,€30.00m
Vanja Milinkovi?-Savi?,€5.00m
Éder Militão,€60.00m
Luka Milivojevi?,€900k
Luis Milla,-
Pere Milla,€2.00m
Enzo Millot,€42.00m
James Milner,€1.00m
Marko Milovanovi?,€600k
Kim Min-jae,Not Found
Yerry Mina,€3.00m
Takumi Minamino,€20.00m
Tyrone Mings,€10.00m
Óscar Mingueza,€12.00m
Rafa Mir,€1.00m
Aleksei Miranchuk,€10.00m
Juan Miranda,€9.00m
Fabio Miretti,€15.00m
Tyrick Mitchell,€25.00m
Kaoru Mitoma,€45.00m
Aleksandar Mitrovi?,€28.00m
Stefan Mitrovi?,€1.80m
Maximilian Mittelstädt,€17.00m
Henrikh Mkhitaryan,€6.00m
Anthony Modeste,€300k
Luka Modri?,€6.00m
Terem Moffi,€20.00m
Mostafa Mohamed,€7.00m
Tobias Mohr,€500k
Johan Mojica,€2.20m
Clinton Mola,€275k
Nahuel Molina,€28.00m
Salvatore Molina,€400k
Florent Mollet,€1.80m
Jon Moncayola,€7.00m
Monchu,€5.00m
César Montes,€5.00m
Daniele Montevago,€200k
Gonzalo Montiel,€8.00m
Lorenzo Montipò,€3.50m
Martín Montoya,€700k
Kieffer Moore,€1.50m
Andrew Moran,€3.00m
Álvaro Morata,€16.00m
Jon Morcillo,€1.00m
Alberto Moreno,€1.80m
Álex Moreno,€13.00m
Diego Moreno,-
Gerard Moreno,€10.00m
Marlos Moreno,€700k
Tete Morente,€2.50m
Ilaix Moriba,€3.00m
Manu Morlanes,€2.50m
Nikola Moro,€5.00m
Loren Morón,€3.00m
Cristhian Mosquera,€30.00m
Dany Mota,€5.00m
Lebo Mothiba,€1.20m
Youssoufa Moukoko,€20.00m
Steve Mounié,€4.50m
Mason Mount,€35.00m
Lucas Moura,€5.00m
Bevic Moussiti-Oko,€200k
João Moutinho,€800k
Samuel Moutoussamy,€2.50m
Divin Mubama,€1.00m
Mykhailo Mudryk,Not Found
Nordi Mukiele,€10.00m
Mert Müldür,€7.00m
Florian Müller,€1.20m
Thomas Müller,€8.00m
Abdul Mumin,€4.00m
Marshall Munetsi,€10.00m
Iker Muniain,€5.00m
Aihen Muñoz,€8.00m
Pablo Muñoz,€150k
Luis Muriel,€2.00m
Jeison Murillo,€800k
Vedat Muriqi,€12.00m
Jacob Murphy,€15.00m
Nicola Murru,€700k
Yunus Musah,€22.00m
Jamal Musiala,€130.00m
Juan Musso,€5.00m
Suliman Mustapha,Not Found
Yvon Mvogo,€3.00m
Enock Mwepu,-
Vitaliy Mykolenko,€28.00m
Joakim Mæhle,Not Found
Obite N'Dicka,Not Found
Nathan N'Goumou,Not Found
Stanley N'Soki,Not Found
Nacho,€3.00m
Nikolas Nartey,€600k
Juanjo Narváez,€600k
Matija Nastasi?,€1.50m
Roberto Navarro,-
Jesús Navas,€2.50m
Keylor Navas,€1.00m
Michel Ndary Adopo,€1.00m
Youssouf Ndayishimiye,€15.00m
Papa Ndiaga Yade,€700k
Wilfred Ndidi,€16.00m
Tanguy Ndombele,€8.00m
Álvaro Negredo,€300k
Reiss Nelson,€15.00m
Ilija Nestorovski,€300k
Neto,€55.00m
Pedro Neto,€55.00m
Luca Netz,€8.00m
Manuel Neuer,€4.00m
Florian Neuhaus,€5.00m
Rúben Neves,€32.00m
Neymar,€30.00m
Jessic Ngankam,€1.50m
Cyril Ngonge,€12.00m
Moussa Niakhate,€15.00m
Ibrahima Niane,€1.00m
M'Baye Niang,€2.00m
Tanguy Nianzou,€3.00m
Rasmus Nicolaisen,€6.00m
Hans Nicolussi Caviglia,€3.00m
Florian Niederlechner,€500k
Saúl Ñíguez,€5.00m
Dimitris Nikolaou,€1.60m
Fernando Niño,€2.00m
Rasmus Nissen,€10.00m
Justin Njinmah,€9.00m
Eddie Nketiah,€30.00m
Christopher Nkunku,€65.00m
Lukas Nmecha,€5.00m
Diego Noguerol,Not Found
Arnaud Nordin,€8.00m
Riad Nouri,-
Hugo Novoa,€2.50m
Randy Ntekja,Not Found
Alexander Nübel,€12.00m
Matheus Nunes,€40.00m
Darwin Núñez,€65.00m
Unai Núñez,€7.00m
Bram Nuytinck,€600k
Ethan Nwaneri,€12.00m
Gerzino Nyamsi,€4.50m
Ørjan Nyland,€1.40m
M'Bala Nzola,€7.00m
Christian Nørgaard,€18.00m
Lewis O'Brien,€5.00m
Pedro Obiang,€500k
Jan Oblak,€28.00m
Brian Ocampo,€1.00m
Lucas Ocampos,€7.50m
Guillermo Ochoa,€1.00m
Wilson Odobert,€18.00m
Tim Oermann,€4.00m
Angelo Ogbonna,€500k
Florent Ogier,€300k
David Okereke,€2.40m
Caleb Okoli,€12.00m
Olasagasti,€1.20m
Lucas Olaza,€3.00m
Finn Ole Becker,€2.50m
Mathias Olesen,€1.00m
Michael Olise,€65.00m
Brian Oliván,€2.50m
Lucas Oliveira Rosa,€2.00m
Mathías Olivera,€15.00m
Dani Olmo,€60.00m
Robin Olsen,€1.50m
Warmed Omari,€8.00m
Jonas Omlin,€6.00m
Ado Onaiwu,€1.80m
Amadou Onana,€55.00m
André Onana,€35.00m
Jean Onana,€3.70m
Karim Onisiwo,€1.50m
Josh Onomah,€500k
Paul Onuachu,€13.00m
Frank Onyeka,€9.00m
Loïs Openda,€60.00m
Willi Orban,€10.00m
Ivan Ordets,€2.50m
Divock Origi,€5.00m
Aimar Oroz,€15.00m
Mislav Ori?,Not Found
Riccardo Orsolini,€16.00m
Pedro Ortiz,€600k
Jordi Osei-Tutu,€500k
Victor Osimhen,€75.00m
Patrick Osterhage,€7.00m
Paulo Otávio,€3.30m
Dango Ouattara,€20.00m
Remi Oudin,€3.50m
Zinédine Ould Khaled,€400k
Azzedine Ounahi,€12.00m
Adam Ounas,€3.00m
Thomas Ouwejan,€1.50m
Reece Oxford,€700k
Alex Oxlade-Chamberlain,€3.00m
Mikel Oyarzabal,€40.00m
Salih Özcan,€10.00m
Cenk Özkacar,€2.50m
David Ozoh,€700k
Levin Öztunalý,Not Found
Fernando Pacheco,€1.00m
Jon Pacheco,€15.00m
Gonçalo Paciência,€1.50m
Simone Pafundi,€10.00m
Exequiel Palacios,€45.00m
Helibelton Palacios,€900k
Ante Palaversa,€600k
Isaac Palazón Camacho,€8.00m
João Palhinha,€50.00m
Nicolas Pallois,€600k
Cole Palmer,€90.00m
Erik Palmer-Brown,€1.20m
Emerson Palmieri,€12.00m
Milo Pantovi?,Not Found
Flavio Paoletti,€900k
Antonios Papadopoulos,€1.50m
Lucas Paquetá,€55.00m
Aitor Paredes,€22.00m
Kevin Paredes,€7.50m
Leandro Paredes,€8.00m
Daniel Parejo,€2.50m
Fabiano Parisi,€7.50m
Moises Parra Gutierrez,€25k
Raúl Parra,€275k
Thomas Partey,€18.00m
Marco Paali?,Not Found
Mario Paali?,Not Found
Felix Passlack,€2.50m
Javier Pastore,€200k
Patric,-
Rui Patrício,€1.00m
Nathan Patterson,€15.00m
Paulinho,-
Gabriel Paulista,€2.00m
Benjamin Pavard,€45.00m
Ji?í Pavlenka,€1.50m
Dimitri Payet,€1.50m
Ben Pearson,€2.00m
Kristian Pedersen,€800k
Mads Pedersen,€2.50m
Alfonso Pedraza,€5.00m
Pedri,€80.00m
Pedro,€1.00m
Jordan Pefok,€4.00m
Gianluca Pegolo,€100k
Peter Pekarík,€250k
Pietro Pellegri,€3.00m
Lorenzo Pellegrini,€22.00m
Luca Pellegrini,€3.50m
Facundo Pellistri,€10.00m
Timothee Pembele,€2.50m
Rubén Peña,€2.20m
Patrick Pentz,€3.00m
Nicolas Pépé,€9.00m
Ricardo Pepi,€12.00m
Pepín,€750k
Alberto Perea,€300k
Juan Perea,€1.50m
Andreas Pereira,€20.00m
Brayann Pereira,€1.00m
Danilo Pereira,€8.00m
Mathias Pereira Lage,€2.50m
Ricardo Pereira,€8.00m
Roberto Pereyra,€1.80m
Ayoze Pérez,€10.00m
Carles Pérez,€3.00m
Francisco Perez,€6.00m
Kike Pérez,€3.00m
Lucas Pérez,€600k
Luis Pérez,-
Nehuén Pérez,€13.00m
Mattia Perin,€3.00m
Ivan Perii?,Not Found
Romain Perraud,€5.00m
Gaëtan Perrin,€3.00m
Lucas Perrin,€2.50m
Matteo Pessina,€15.00m
Andrea Petagna,€3.80m
Nils Petersen,-
Lukas Petkov,€800k
Germán Pezzella,€3.00m
Giuseppe Pezzella,€2.20m
Luca Pfeiffer,€1.00m
Maximilian Philipp,€1.20m
Kalvin Phillips,€22.00m
Nathaniel Phillips,€3.50m
Krzysztof Pi?tek,€6.00m
Roberto Piccoli,€4.00m
Charles Pickel,€3.00m
Jordan Pickford,€22.00m
Amos Pieper,€4.00m
Ronaël Pierre-Gabriel,€3.50m
Andrea Pinamonti,€15.00m
Ethan Pinnock,€10.00m
Yeremi Pino,Not Found
Gerard Piqué,-
Lorenzo Pirola,€5.50m
Marko Pjaca,€2.50m
Óscar Plano,€800k
Gonzalo Plata,€6.00m
Marvin Plattenhardt,-
Alassane Pléa,€7.00m
Tommaso Pobega,€10.00m
Daniel Podence,€13.00m
Joel Pohjanpalo,€5.50m
Matteo Politano,€13.00m
Sebastian Polter,€300k
Ezequiel Ponce,€7.00m
Julien Ponceau,€3.50m
Marin Pongra?i?,€10.00m
Nick Pope,€16.00m
?ukasz Por?ba,€1.20m
Jackson Porozo,€2.50m
Pedro Porro,€45.00m
Francisco Portillo,€500k
Portu,€3.50m
Stefan Posch,€14.00m
Yussuf Poulsen,€6.00m
José Pozo,-
Alejandro Pozo Pozo,€1.50m
Dennis Praet,€4.00m
Abdón Prats,€1.80m
Sanjin Prci?,€900k
Isaac Price,€2.50m
Grischa Prömel,€7.00m
Ivan Provedel,€14.00m
Javi Puado,€8.00m
Mehdi Puch Herrantz,Not Found
Tymoteusz Puchacz,€2.00m
Arnau Puigmal,€1.50m
Christian Pulisic,€50.00m
Ignacio Pussetto,€2.70m
Niklas Pyyhtiä,€1.20m
Fabio Quagliarella,-
Giacomo Quagliata,€1.20m
Joshua Quarshie,€800k
Ghjuvanni Quilichini,€100k
Domingos Quina,€1.20m
Adrien Rabiot,€30.00m
Nemanja Radonji?,€2.80m
Ivan Radovanovi?,-
Ionu? Radu,€1.50m
Antonio Raillo,€2.00m
Predrag Rajkovi?,€10.00m
Ivan Rakiti?,€3.50m
Diant Ramaj,€10.00m
Largie Ramazani,€6.00m
Adil Rami,-
Chris Ramos,€4.00m
Sergio Ramos,€1.80m
Aaron Ramsdale,€22.00m
Aaron Ramsey,€1.00m
Jacob Ramsey,€32.00m
Luca Ranieri,€8.00m
Andrea Ranocchia,-
Filippo Ranocchia,€4.00m
Lilian Raolisoa,€800k
Raphinha,€60.00m
Nicolai Rapp,€900k
Elba Rashani,€1.20m
Marcus Rashford,€60.00m
Giacomo Raspadori,€20.00m
Rafael Ratão,€2.50m
David Raum,€25.00m
Rayan Raveloson,€2.00m
David Raya,€35.00m
Tim Ream,€500k
Ante Rebi?,€2.00m
Arkadiusz Reca,€1.30m
Nathan Redmond,€5.00m
Harrison Reed,€13.00m
Sergio Reguilón,€12.00m
Bobby Reid,€5.00m
Pepe Reina,€600k
Jeff Reine-Adélaïde,€1.50m
Reinier,€2.50m
Rocco Reitz,€10.00m
Karim Rekik,€2.50m
Álex Remiro,€25.00m
Panagiotis Retsos,€3.00m
Marco Reus,€5.00m
Alejandro Revuelta Montero,€100k
Elvis Rexhbeçaj,€3.50m
Gio Reyna,€12.00m
Chadi Riad,€15.00m
Nico Ribaudo,Not Found
Alexsandro Ribeiro,€8.00m
Franck Ribéry,-
Samuele Ricci,€28.00m
Declan Rice,€120.00m
Chris Richards,€12.00m
Richarlison,€35.00m
Marco Richter,€2.00m
Diego Rico,€1.50m
Jaïro Riedewald,€3.00m
Manuel Riemann,€300k
Tomás Rincón,€250k
Rémy Riou,€200k
Renaud Ripart,€700k
Rodrigo Riquelme,€25.00m
Matt Ritchie,€500k
Sergi Roberto,€2.50m
Lucas Robertone,€7.00m
Andrew Robertson,€30.00m
Antonee Robinson,€25.00m
Joel Roca,€200k
Marc Roca,€9.00m
Enzo Roco,€1.00m
Marek Rodák,€3.00m
Sebastian Rode,-
Joe Rodon,€8.00m
Rodri,€130.00m
Rodrigo,€130.00m
Ángel Rodríguez,€300k
Óscar Rodríguez Arnaiz,€2.50m
Dani Rodríguez,€1.00m
Guido Rodríguez,€20.00m
Pablo Rodríguez,-
Ricardo Rodríguez,€3.50m
Rodrygo,€110.00m
Mads Roerslev,€10.00m
Agustín Rogel,€600k
Rogério,-
Alessio Romagnoli,€15.00m
Cristian Romero,€65.00m
Iván Romero,-
Luka Romero,€5.00m
Oriol Romeu,€2.00m
Cristiano Ronaldo,€15.00m
Connor Ronan,€1.00m
Salomón Rondón,€1.00m
Valentin Rongier,€10.00m
Marten de Roon,€7.00m
Pablo Rosario,€8.00m
Tom Rothe,€8.00m
Joe Rothwell,€2.20m
Anthony Rouault,€10.00m
Jérôme Roussillon,€2.50m
Nicolò Rovella,€18.00m
Amir Rrahmani,€15.00m
Ruan,€5.00m
Rubén,€80.00m
Antonio Rüdiger,€25.00m
Sebastian Rudy,-
Daniele Rugani,€4.00m
Matteo Ruggeri,€20.00m
Mário Rui,€1.50m
Aitor Ruibal,€3.50m
Kays Ruiz,€400k
Fabián Ruiz Peña,€35.00m
Víctor Ruiz,€400k
Gerónimo Rulli,€5.00m
Franco Russo,€900k
Georginio Rutter,€28.00m
Julian Ryerson,€20.00m
Frederik Rønnow,€4.50m
José Sá,-
Youssouf Sabaly,€2.50m
Halid abanovi?,Not Found
Abdelhamid Sabiri,€1.50m
Marcel Sabitzer,€20.00m
Falaye Sacko,€4.00m
Umar Sadiq,€6.00m
Alexis Saelemaekers,€12.00m
Wesley Saïd,€4.00m
Allan Saint-Maximin,€18.00m
Théo Sainte-Luce,€1.00m
Samuel Sáiz,€400k
Bukayo Saka,€140.00m
Hamza Sakhi,€1.50m
Mamadou Sakho,€500k
Jacopo Sala,€100k
Ibrahim Salah,€4.00m
Mohamed Salah,€55.00m
Amine Salama,€2.00m
William Saliba,€80.00m
Dikeni Salifou,€400k
Mohammed Salisu,€15.00m
Roland Sallai,€14.00m
Yoann Salmier,€1.50m
Salvi,€1.50m
Lazar Samardzic,€20.00m
Diadie Samassékou,€1.00m
Mama Samba Baldé,€4.00m
Brice Samba,€15.00m
Albert Sambi Lokonga,€12.00m
Junior Sambia,€2.00m
Samuel,€2.50m
Fede San Emeterio,€1.50m
Antonio Sanabria,€7.00m
Leandro Sanca,€400k
Oihan Sancet,€40.00m
Renato Sanches,€6.50m
Alexis Sánchez,€2.50m
Antonio Sánchez,€2.50m
Davinson Sánchez,€18.00m
Iván Sánchez,-
Javi Sánchez,€1.50m
Manuel Sánchez,€6.00m
Robert Sánchez,€20.00m
Jadon Sancho,€30.00m
Alex Sandro,€2.00m
Leroy Sané,€60.00m
Sidi Sané,€350k
Morgan Sanson,€8.00m
Nicola Sansone,€1.00m
Baptiste Santamaria,€10.00m
Riccardo Saponara,€550k
Pablo Sarabia,€8.00m
Muhammed Saracevic Cham,Not Found
Jeremy Sarmiento,€7.00m
Amin Sarr,€4.00m
Malang Sarr,€4.00m
Martin Satriano,€7.00m
Téji Savanier,€7.00m
Esteban Saveljich,€300k
Stefan Savi?,€2.00m
Joe Scally,€10.00m
Giorgio Scalvini,€45.00m
Gianluca Scamacca,€35.00m
Gustavo Scarpa,€8.00m
Kevin Schade,€22.00m
András Schäfer,€5.00m
Fabian Schär,€10.00m
Derry Scherhant,€1.20m
Patrik Schick,€22.00m
Kingsley Schindler,€750k
Xaver Schlager,€28.00m
Keven Schlotterbeck,€6.00m
Nico Schlotterbeck,€40.00m
Jeffrey Schlupp,€7.00m
Kasper Schmeichel,€750k
Romano Schmid,€13.00m
Niklas Schmidt,€3.00m
Benno Schmitz,€1.50m
Jerdy Schouten,€35.00m
Perr Schuurs,€17.00m
Marvin Schwäbe,€1.50m
Alexander Schwolow,€700k
Demba Seck,€1.50m
Haris Seferovi?,€2.50m
Jacopo Segre,€2.70m
Paul Seguin,€1.50m
Alidu Seidu,€9.00m
Davie Selke,€2.00m
Matz Sels,€7.00m
Nélson Semedo,€12.00m
Vivaldo Semedo,€500k
Antoine Semenyo,€20.00m
Marvin Senaya,€2.00m
Marcos Senesi,€22.00m
Stefano Sensi,€3.00m
Jaime Seoane,€2.00m
Luigi Sepe,€500k
Suat Serdar,€5.00m
Leonardo Sernicola,€2.00m
Ryan Sessegnon,€10.00m
Stephan El Shaarawy,€5.00m
Luke Shaw,€28.00m
Jonjo Shelvey,€2.00m
Eldor Shomurodov,€5.00m
Kaj Sierhuis,€1.80m
Vincent Sierro,€4.00m
Kiliann Sildillia,€15.00m
André Silva,€6.00m
Bernardo Silva,€70.00m
Caio Henrique Oliveira Silva,€20.00m
David Silva,-
Rui Silva,€8.00m
Thiago Silva,€1.00m
Marco Silvestri,€750k
Abdallah Sima,€8.00m
Mohamed Simakan,€35.00m
Giovanni Simeone,€10.00m
Ellis Simms,€7.00m
Eduardo Simões,-
Moses Simon,€12.00m
Unai Simón,€30.00m
Lassine Sinayoko,€2.50m
Wilfried Singo,€25.00m
Luis Sinisterra,€17.00m
Daley Sinkgraven,€1.00m
Tobias Sippel,€300k
Hugo Siquet,€5.00m
Ibrahima Sissoko,€6.00m
Moussa Sissoko,€1.00m
Tim Skarke,€3.00m
Ellyes Skhiri,€11.00m
Oliver Skipp,€18.00m
Leo Skiri Østigård,€8.00m
?ukasz Skorupski,€3.50m
Robert Skov,€3.00m
Milan kriniar,Not Found
Naatan Skyttä,€500k
Islam Slimani,€1.20m
Chris Smalling,€2.50m
Adam Smith,€1.00m
Emile Smith Rowe,€28.00m
Hrvoje Smol?i?,€3.00m
Cédric Soares,€1.20m
Danilo Soares,€500k
Eduard Sobol,€1.50m
Rubén Sobrino,€1.20m
Alex Sola,€4.00m
Dominic Solanke,€45.00m
Augusto Solari,€800k
Ola Solbakken,€2.50m
Nikola Soldo,€500k
Carlos Soler,€20.00m
François-Joseph Sollacaro,€400k
Manor Solomon,€11.00m
Yann Sommer,€5.00m
Brandon Soppy,€2.00m
David Soria,€5.00m
Roberto Soriano,€1.00m
Borna Sosa,€7.50m
Joaquin Sosa,€1.50m
Florian Sotoca,€3.00m
Riccardo Sottil,€6.00m
Tomá Sou?ek,Not Found
Matìas Soulé,€25.00m
Moussa Soumano,€400k
Adama Soumaoro,€1.50m
Boubakary Soumaré,€14.00m
Arnaud Souquet,€1.00m
Dyego Sousa,€400k
Harry Souttar,€7.00m
Vinicius Souza,€2.80m
Djibril Sow,€7.50m
Çaðlar Söyüncü,Not Found
Kevin Spadanuda,€300k
Djed Spence,€8.00m
Stijn Spierings,€4.50m
Leonardo Spinazzola,€4.00m
Marco Sportiello,€1.50m
Jack Stacey,€2.80m
Anton Stach,€15.00m
Kostas Stafylidis,Not Found
Jens Stage,€9.00m
Josip Stanii?,Not Found
Junior Stanislas,-
Jay Stansfield,€3.50m
Niklas Stark,€5.50m
Calvin Stengs,€15.00m
Pascal Stenzel,€2.50m
Jack Stephens,€2.00m
Raheem Sterling,€35.00m
Angelo Stiller,€28.00m
Lars Stindl,-
Kevin Stöger,€5.00m
Petar Stojanovi?,€1.30m
John Stones,€38.00m
Jørgen Strand Larsen,€25.00m
Gabriel Strefezza,€6.00m
Dávid Strelec,€3.50m
Pascal Struijk,€15.00m
Cristhian Stuani,€1.80m
Damián Suárez,€650k
Denis Suárez,€1.50m
Mario Suárez,-
Gabriel Suazo,€3.50m
Isaac Success,€2.00m
Niklas Süle,€15.00m
Ibrahim Sulemana,€6.00m
Kamaldeen Sulemana,€13.00m
Crysencio Summerville,€22.00m
Ivan unji?,Not Found
Sam Surridge,€5.00m
Suso,€3.00m
Mattias Svanberg,€12.00m
Williot Swedberg,€5.00m
Issiaga Sylla,€2.50m
Wojciech Szcz?sny,€3.00m
Dominik Szoboszlai,€75.00m
Alexander Sørloth,€25.00m
Nicolás Tagliafico,€8.00m
Jonathan Tah,€30.00m
Benjamin Tahirovic,€4.00m
Waniss Taibi,€800k
Flavien Tait,€1.00m
Montassar Talbi,€6.00m
Adrien Tameze,€5.00m
Japhet Tanganga,€1.80m
Renato Tapia,€5.00m
Edmond Tapsoba,€45.00m
Florian Tardieu,€1.00m
Matt Targett,€8.00m
James Tarkowski,€13.00m
Ciprian T?t?ru?anu,-
Niklas Tauer,€600k
Nuno Tavares,€15.00m
Marcus Tavernier,€20.00m
Enzo Tchato,€2.50m
Aurélien Tchouaméni,€100.00m
Mathys Tel,€40.00m
Semir Telalovic,€400k
Alex Telles,€6.00m
Marc-André ter Stegen,€20.00m
Simon Terodde,-
Filippo Terracciano,€4.50m
Pietro Terracciano,€2.50m
Ramón Terrats,€4.00m
Martin Terrier,€20.00m
Aleksa Terzi?,€3.00m
Tetê,€10.00m
Kenny Tete,€15.00m
Florian Thauvin,€5.00m
Arthur Theate,€20.00m
Malick Thiaw,€20.00m
Jan Thielmann,€5.00m
Sada Thioub,€600k
Luke Thomas,€6.00m
Adrien Thomasson,€5.00m
Morten Thorsby,€3.00m
Kristian Thorstvedt,€8.00m
Marcus Thuram,€65.00m
Khéphren Thuram-Ulie,€35.00m
Alexis Tibidi,€1.00m
Youri Tielemans,€30.00m
Kieran Tierney,€10.00m
Steffen Tigges,€900k
Jean-Clair Todibo,€35.00m
Harry Toffolo,€5.00m
Umut Tohumcu,€7.00m
Karl Toko Ekambi,€4.20m
Corentin Tolisso,€5.00m
Jeremy Toljan,€2.50m
Rafael Tolói,€2.50m
Raúl de Tomás,€1.00m
Tiago Tomás,€40.00m
Takehiro Tomiyasu,€35.00m
James Tomkins,€400k
Fikayo Tomori,€32.00m
Sandro Tonali,€38.00m
Ivan Toney,€50.00m
Pablo Torre,€5.00m
David Torres,€1.00m
Ferrán Torres,€30.00m
Óliver Torres,€6.00m
Pau Torres,€45.00m
Roberto Torres,€300k
Lucas Torró,€4.00m
Nabil Touaizi,€200k
Almamy Touré,€900k
Birama Touré,€1.50m
Souleymane Touré,-
Lucas Tousart,€5.50m
Yoann Touzghar,€200k
Adama Traoré,€9.00m
Boubacar Traoré,€6.00m
Charles Traore,€250k
Hamari Traoré,€6.00m
Kevin Trapp,€4.00m
Mark Travers,€3.50m
Óscar Trejo,€1.00m
Manu Trigueros,€1.50m
Christopher Trimmel,€600k
Kieran Trippier,€10.00m
William Troost-Ekong,€2.00m
Leandro Trossard,€35.00m
Adrien Truffert,€18.00m
Frank Tsadjout,€850k
Kostas Tsimikas,€22.00m
Theocharis Tsingaras,€1.00m
Viktor Tsyhankov,€30.00m
Alessandro Tuia,€250k
Beñat Turrientes,€20.00m
Tuta,€12.00m
Iyenoma Udogie,Not Found
Ike Ugbo,€2.80m
Chimuanya Ugochukwu,€25.00m
Sven Ulreich,€700k
Lauren Ulrich,Not Found
Samuel Umtiti,€2.50m
Enes Ünal,€15.00m
Deniz Undav,€28.00m
Cengiz Ünder,€10.00m
Dayot Upamecano,€45.00m
Filip Uremovi?,€2.80m
Oscar Ureña,€400k
Jere Uronen,€1.00m
Mark Uth,€500k
Josha Vagnoman,€10.00m
Diego Valencia,€1.50m
Óscar Valentín,€4.00m
Emanuele Valeri,€2.30m
Valery,€1.00m
Yan Valery,€1.00m
Enrique Valiente,Not Found
Martin Valjent,€6.00m
Manu Vallejo,€700k
Mattia Valoti,€1.50m
Federico Valverde,€130.00m
Virgil van Dijk,€30.00m
Vanderson,€20.00m
Raphaël Varane,-
Jamie Vardy,€1.00m
Ruben Vargas,€9.00m
Johan Vásquez,€10.00m
Jesus Vazquez,€4.00m
Kevin Vázquez,€800k
Lucas Vázquez,€4.00m
Matías Vecino,€2.50m
Gabriel Veiga,€25.00m
Renato Veiga,€8.00m
Milo Veljkovi?,Not Found
Miguel Veloso,-
Joël Veltman,€8.00m
Mickey van de Ven,Not Found
Unai Vencedor Paris,€2.20m
Lorenzo Venuti,€900k
Daniele Verde,€1.30m
Simone Verdi,€2.50m
Gonzalo Verdú,€200k
Jordan Veretout,€8.00m
Marco Verratti,€18.00m
Valerio Verre,€800k
Mikel Vesga,€4.00m
Guglielmo Vicario,€35.00m
João Victor,€40.00m
Aleix Vidal,€300k
Clément Vidal,€900k
Nacho Vidal,€2.00m
Gabriel Vidovic,€3.50m
Fabio Vieira,€22.00m
Ronaldo Vieira,€500k
Emanuel Vignato,€1.10m
Samuele Vignato,€3.50m
Tonny Vilhena,€2.50m
Toni Villa,€1.20m
Asier Villalibre,€2.50m
Gonzalo Villar,€3.00m
Iván Villar,€1.20m
Matías Viña,€10.00m
Rúben Vinagre,€2.40m
Carlos Vinícius,€4.00m
Alan Virginius,€3.50m
Mattia Viti,€5.00m
Vitinha,€55.00m
Daniel Vivian,€30.00m
Duan Vlahovi?,Not Found
Nikola Vlai?,Not Found
Joel Voelkerling Persson,€400k
Kevin Vogt,€2.00m
Mërgim Vojvoda,€3.00m
Kevin Volland,€4.00m
Cristian Volpato,€4.50m
Aster Vranckx,€12.00m
Stefan de Vrij,€7.00m
Robert Wagner,€3.00m
Walace,€6.00m
Theo Walcott,-
Luca Waldschmidt,€1.50m
Kyle Walker,€13.00m
Kyle Walker-Peters,€20.00m
Sebastian Walukiewicz,€5.00m
Aaron Wan-Bissaka,€20.00m
Paul Wanner,€15.00m
Danny Ward,€1.80m
Joel Ward,€1.00m
James Ward-Prowse,€22.00m
Ollie Watkins,€65.00m
Timothy Weah,€12.00m
Adam Webster,€15.00m
Wout Weghorst,€6.00m
Julian Weigl,€6.00m
Nelson Weiper,€5.00m
Mitchell Weiser,€6.00m
Noah Weißhaupt,€5.00m
Shon Weissman,€1.40m
Danny Welbeck,€5.00m
Marcel Wenig,€600k
Timo Werner,€17.00m
Ben White,€55.00m
Harvey White,€300k
Silvan Widmer,€2.50m
Mateusz Wieteska,€3.00m
Georginio Wijnaldum,€4.00m
Iñaki Williams,€25.00m
Neco Williams,€17.00m
Nico Williams,€70.00m
Willian,€2.00m
Joe Willock,€30.00m
Callum Wilson,€13.00m
Harry Wilson,€17.00m
Patrick Wimmer,€15.00m
Jonas Wind,€15.00m
Harry Winks,€12.00m
Frederik Winther,€800k
Florian Wirtz,€130.00m
Przemys?aw Wi?niewski,€2.00m
Yoane Wissa,€28.00m
Axel Witsel,€3.50m
Maximilian Wöber,€10.00m
Hannes Wolf,€3.00m
Marius Wolf,€3.00m
Jeong Woo-yeong,Not Found
Chris Wood,€7.00m
Christopher Wooh,€6.00m
Joe Worrall,€5.50m
Xeka,€3.00m
Granit Xhaka,€20.00m
Jawad El Yamiq,€1.60m
Ryan Yates,€12.00m
Yusuf Yazýcý,Not Found
Kelvin Yeboah,€4.00m
Gerard Yepes,€2.30m
Darlin Yongwa,€1.50m
Leny Yoro,€55.00m
Maya Yoshida,€350k
Ashley Young,€500k
Mohamed Youssouf,€200k
Mattia Zaccagni,€20.00m
Dan-Axel Zagadou,€10.00m
Wilfried Zaha,€10.00m
Warren Zaire-Emery,€60.00m
Denis Zakaria,€28.00m
Rodrigo Zalazar,€16.00m
Joseba Zaldúa,€600k
Nicola Zalewski,€12.00m
Andre-Frank Zambo Anguissa,€27.00m
Oliver Zandén,€800k
Luca Zanimacchia,€1.50m
Nicolò Zaniolo,€20.00m
Alessandro Zanoli,€5.00m
Duván Zapata,€5.00m
Davide Zappacosta,€6.00m
Oier Zarraga,€2.00m
Akim Zedadka,€2.00m
Mehdi Zeffane,€400k
Aaron Zehnter,€2.00m
Jordan Zemura,€5.00m
Arber Zeneli,€1.80m
Robin Zentner,€3.00m
Alessio Zerbin,€4.00m
Michael Zetterer,€4.00m
Nathan Zeze,€10.00m
Edon Zhegrova,€25.00m
Piotr Zieli?ski,€22.00m
David Zima,€4.00m
Oleksandr Zinchenko,€35.00m
Joshua Zirkzee,€50.00m
Hakim Ziyech,€7.00m
Jeroen Zoet,€400k
Simon Zoller,€350k
Nadir Zortea,€3.00m
Kurt Zouma,€25.00m
Petar Zovko,€100k
Igor Zubeldia,€22.00m
Martín Zubimendi,€60.00m
Szymon ?urkowski,€2.50m
Martin Ødegaard,€110.00m
Milan ?uri?,Not Found
Filip ?uri?i?,€1.50m
